{
  "total_samples": 300,
  "accuracy": 0.16333333333333333,
  "correct_count": 49,
  "incorrect_count": 251,
  "accuracy_by_length": {
    "2": 0.0,
    "4": 0.18888888888888888,
    "5": 0.15,
    "6": 0.15942028985507245
  }
}